<?xml version="1.0" encoding="UTF-8"?>
<project-private xmlns="http://www.netbeans.org/ns/project-private/1">
    <editor-bookmarks xmlns="http://www.netbeans.org/ns/editor-bookmarks/2" lastBookmarkId="0"/>
    <open-files xmlns="http://www.netbeans.org/ns/projectui-open-files/2">
        <group>
            <file>file:/C:/Users/a/Documents/NetBeansProjects/PiBoubou/src/edu/esprit/tests/MainClass.java</file>
            <file>file:/C:/Users/a/Documents/NetBeansProjects/PiBoubou/src/edu/esprit/gui/EvenementController.java</file>
            <file>file:/C:/Users/a/Documents/NetBeansProjects/PiBoubou/src/edu/esprit/gui/AjouterPersonne.fxml</file>
            <file>file:/C:/Users/a/Documents/NetBeansProjects/PiBoubou/src/edu/esprit/gui/AjouterPersonneController.java</file>
            <file>file:/C:/Users/a/Documents/NetBeansProjects/PiBoubou/src/edu/esprit/tests/FXMain.java</file>
            <file>file:/C:/Users/a/Documents/NetBeansProjects/PiBoubou/src/edu/esprit/entities/Evenement.java</file>
            <file>file:/C:/Users/a/Documents/NetBeansProjects/PiBoubou/src/edu/esprit/gui/Evenement.fxml</file>
        </group>
    </open-files>
</project-private>
